{
 "-5": 9.5367431640625e-07,
 "-4": 3.24249267578125e-05,
 "-3": 0.0013885498046875,
 "-2": 0.021360397338867188,
 "-1": 0.1361103057861328,
 "0": 0.6820812225341797,
 "1": 0.13626766204833984,
 "2": 0.021368026733398438,
 "3": 0.001369476318359375,
 "4": 2.09808349609375e-05,
 "5": 0.0
}